Lake,Trip_Date,SampSite,UTMEasting,UTMNorthing,ReadDepth,Temp,DO
Burr Oak,5/4/2004,1,409194,4377279,0,17,8.1
Burr Oak,5/4/2004,1,409194,4377279,1,17.1,8.19
Burr Oak,5/4/2004,1,409194,4377279,2,17,8.24
Burr Oak,5/4/2004,1,409194,4377279,3,16.6,8.2
Burr Oak,5/4/2004,1,409194,4377279,4,16,8.13
Burr Oak,5/4/2004,1,409194,4377279,5,14.5,7.85
Burr Oak,5/4/2004,1,409194,4377279,6,11.5,7.21
Burr Oak,5/4/2004,1,409194,4377279,7,9.8,5.37
Burr Oak,5/4/2004,1,409194,4377279,8,9.3,4.48
Burr Oak,6/9/2004,dam,409194,4377279,0,29.1,10.4
Burr Oak,6/9/2004,dam,409194,4377279,1,28.4,10.8
Burr Oak,6/9/2004,dam,409194,4377279,2,23.6,11.5
Burr Oak,6/9/2004,dam,409194,4377279,3,21.9,7.6
Burr Oak,6/9/2004,dam,409194,4377279,4,20.4,3.1
Burr Oak,6/9/2004,dam,409194,4377279,5,19.1,1.3
Burr Oak,6/9/2004,dam,409194,4377279,6,17.8,1.5
Burr Oak,6/9/2004,dam,409194,4377279,7,16.9,1.2
Burr Oak,6/9/2004,dam,409194,4377279,8,16.1,1.1
Burr Oak,6/9/2004,dam,409194,4377279,9,14,1.1
Burr Oak,6/9/2004,dam,409194,4377279,10,13.5,1
Burr Oak,6/9/2004,dam,409194,4377279,11,13.6,1
Burr Oak,6/9/2004,upper,411309,4376865,0,27.9,11.3
Burr Oak,6/9/2004,upper,411309,4376865,1,27.9,11.4
Burr Oak,6/9/2004,upper,411309,4376865,2,25.6,11.3
Burr Oak,6/9/2004,upper,411309,4376865,3,21.9,4.3
Burr Oak,6/9/2004,upper,411309,4376865,4,21.2,1.1
Burr Oak,6/9/2004,upper,411309,4376865,5,21.1,1.1
Burr Oak,8/17/2004,1,409236,4377303,0,26.4,7.52
Burr Oak,8/17/2004,1,409236,4377303,1,25.4,7.52
Burr Oak,8/17/2004,1,409236,4377303,2,24.4,7.58
Burr Oak,8/17/2004,1,409236,4377303,3,23.6,6.24
Burr Oak,8/17/2004,1,409236,4377303,4,23.5,6.11
Burr Oak,8/17/2004,1,409236,4377303,5,23.2,1.51
Burr Oak,8/17/2004,1,409236,4377303,6,20.7,0.93
Burr Oak,8/17/2004,1,409236,4377303,7,18.7,0.87
Burr Oak,8/17/2004,1,409236,4377303,8,17.2,0.81
Burr Oak,8/17/2004,1,409236,4377303,9,16.1,0.78
Burr Oak,8/17/2004,1,409236,4377303,10,15.1,0.77
Burr Oak,8/31/2004,lower,409236,4377303,0,26.9,9.81
Burr Oak,8/31/2004,lower,409236,4377303,1,26.6,9.89
Burr Oak,8/31/2004,lower,409236,4377303,2,25.4,10.13
Burr Oak,8/31/2004,lower,409236,4377303,3,25.1,9.57
Burr Oak,8/31/2004,lower,409236,4377303,4,24.3,4.1
Burr Oak,8/31/2004,lower,409236,4377303,5,22.1,1.54
Burr Oak,8/31/2004,lower,409236,4377303,6,20.6,1.47
Burr Oak,8/31/2004,lower,409236,4377303,7,18.9,1.4
Burr Oak,8/31/2004,lower,409236,4377303,8,17.4,1.34
Burr Oak,8/31/2004,lower,409236,4377303,9,16.5,1.29
Burr Oak,8/31/2004,middle,411411,4376791,0,26.9,8.74
Burr Oak,8/31/2004,middle,411411,4376791,1,26.3,9.14
Burr Oak,8/31/2004,middle,411411,4376791,2,25.4,7.61
Burr Oak,8/31/2004,middle,411411,4376791,3,25.3,7.42
Burr Oak,8/31/2004,middle,411411,4376791,4,24.6,1.38
Burr Oak,8/31/2004,upper,411884,4378509,0,26.4,7.7
Burr Oak,8/31/2004,upper,411884,4378509,1,25.7,5.99
Burr Oak,8/31/2004,upper,411884,4378509,2,24.9,3.19
Burr Oak,8/31/2004,upper,411884,4378509,3,24.9,1.31
Burr Oak,10/5/2004,lower,409243,4377518,0,19.8,5.1
Burr Oak,10/5/2004,lower,409243,4377518,1,19.3,3.4
Burr Oak,10/5/2004,lower,409243,4377518,2,18.9,3.25
Burr Oak,10/5/2004,lower,409243,4377518,3,18.8,3.29
Burr Oak,10/5/2004,lower,409243,4377518,4,18.8,2.9
Burr Oak,10/5/2004,lower,409243,4377518,5,18.8,2.71
Burr Oak,10/5/2004,lower,409243,4377518,6,18.7,2.65
Burr Oak,10/5/2004,lower,409243,4377518,7,18.5,0.11
Burr Oak,10/5/2004,upper,411337,4376867,0,19.7,9.1
Burr Oak,10/5/2004,upper,411337,4376867,1,19.7,9.86
Burr Oak,10/5/2004,upper,411337,4376867,2,19,8.2
Burr Oak,10/5/2004,upper,411337,4376867,3,18.7,7.5
Burr Oak,10/5/2004,upper,411337,4376867,4,18.4,2.7
Burr Oak,10/19/2004,dam,409205,4377285,0,15.6,10.7
Burr Oak,10/19/2004,dam,409205,4377285,1,15.6,7.76
Burr Oak,10/19/2004,dam,409205,4377285,2,15.6,7.02
Burr Oak,10/19/2004,dam,409205,4377285,3,15.6,6.92
Burr Oak,10/19/2004,dam,409205,4377285,4,15.6,6.87
Burr Oak,10/19/2004,dam,409205,4377285,5,15.6,6.85
Burr Oak,10/19/2004,dam,409205,4377285,6,15.6,6.83
Burr Oak,10/19/2004,dam,409205,4377285,7,15.6,6.81
Burr Oak,10/19/2004,dam,409205,4377285,8,15.5,6.1
Burr Oak,10/19/2004,dam,409205,4377285,9,15.5,2.73
Burr Oak,10/19/2004,upper,411237,4376929,0,13.9,11.3
Burr Oak,10/19/2004,upper,411237,4376929,1,13.7,10.8
Burr Oak,10/19/2004,upper,411237,4376929,2,13.6,10.5
Burr Oak,10/19/2004,upper,411237,4376929,3,13.2,10.7
Burr Oak,10/19/2004,upper,411237,4376929,4,13.2,4.5
Burr Oak,11/10/2004,lower,409188,4377273,0,13.3,10.74
Burr Oak,11/10/2004,lower,409188,4377273,1,13.2,9.56
Burr Oak,11/10/2004,lower,409188,4377273,2,13.1,9.36
Burr Oak,11/10/2004,lower,409188,4377273,3,12.9,9.03
Burr Oak,11/10/2004,lower,409188,4377273,4,12.9,8.74
Burr Oak,11/10/2004,lower,409188,4377273,5,12.8,8.61
Burr Oak,11/10/2004,lower,409188,4377273,6,12.8,8.5
Burr Oak,11/10/2004,lower,409188,4377273,7,12.8,8.43
Burr Oak,11/10/2004,lower,409188,4377273,8,12.7,8.34
Burr Oak,11/10/2004,lower,409188,4377273,9,12.6,8.28
Burr Oak,11/10/2004,lower,409188,4377273,10,12.7,0.3
Burr Oak,11/10/2004,upper,411328,4377073,0,12.1,9.6
Burr Oak,11/10/2004,upper,411328,4377073,1,12,9.7
Burr Oak,11/10/2004,upper,411328,4377073,2,11.6,9.6
Burr Oak,11/10/2004,upper,411328,4377073,3,10.7,8.5
Burr Oak,11/10/2004,upper,411328,4377073,4,11.1,4.1
Burr Oak,5/4/2005,9,409212,4377499,1,12.66625,
Burr Oak,5/4/2005,9,409212,4377499,3,12.4305,
Burr Oak,5/4/2005,9,409212,4377499,5,12.4305,
Burr Oak,5/4/2005,9,409212,4377499,7,9.76125,
Burr Oak,5/4/2005,1,409248,4377531,0,14.8,8.14
Burr Oak,5/4/2005,1,409248,4377531,1,14,8.13
Burr Oak,5/4/2005,1,409248,4377531,2,12.4,7.82
Burr Oak,5/4/2005,1,409248,4377531,3,12.3,7.39
Burr Oak,5/4/2005,1,409248,4377531,4,12.2,6.79
Burr Oak,5/4/2005,1,409248,4377531,5,11.7,4.95
Burr Oak,5/4/2005,1,409248,4377531,6,11.1,4.25
Burr Oak,5/4/2005,1,409248,4377531,7,9.8,3.46
Burr Oak,5/4/2005,1,409248,4377531,8,9.1,2.14
Burr Oak,5/4/2005,1,409248,4377531,9,8.8,0.88
Burr Oak,6/7/2005,Dam,409194,4377272,0,26.2,8
Burr Oak,6/7/2005,Dam,409194,4377272,1,25.9,8.1
Burr Oak,6/7/2005,Dam,409194,4377272,2,23.2,9.7
Burr Oak,6/7/2005,Dam,409194,4377272,3,21.5,10.5
Burr Oak,6/7/2005,Dam,409194,4377272,4,17.3,11.4
Burr Oak,6/7/2005,Dam,409194,4377272,5,14.1,8.6
Burr Oak,6/7/2005,Dam,409194,4377272,6,12.3,3.1
Burr Oak,6/7/2005,Dam,409194,4377272,7,11.4,1.5
Burr Oak,6/7/2005,Dam,409194,4377272,8,10.7,1.4
Burr Oak,6/7/2005,Dam,409194,4377272,9,9.9,1.3
Burr Oak,6/7/2005,upper,411193,4376943,0,26.9,9.2
Burr Oak,6/7/2005,upper,411193,4376943,1,26.2,9.3
Burr Oak,6/7/2005,upper,411193,4376943,2,22.6,9.6
Burr Oak,6/7/2005,upper,411193,4376943,3,19,4.5
Burr Oak,6/7/2005,upper,411193,4376943,4,18.7,3.5
Burr Oak,8/3/2005,1,409237,4377521,0,31.8,7.83
Burr Oak,8/3/2005,1,409237,4377521,1,31.2,8.32
Burr Oak,8/3/2005,1,409237,4377521,2,29.4,8.86
Burr Oak,8/3/2005,1,409237,4377521,3,28.1,9.63
Burr Oak,8/3/2005,1,409237,4377521,4,25.8,8.7
Burr Oak,8/3/2005,1,409237,4377521,5,21,3.48
Burr Oak,8/3/2005,1,409237,4377521,6,16.2,0.49
Burr Oak,8/3/2005,1,409237,4377521,7,13,0.03
Burr Oak,8/3/2005,1,409237,4377521,8,11.6,0.01
Burr Oak,8/3/2005,1,409237,4377521,9,11.1,0
Burr Oak,8/3/2005,9,409212,4377499,1,29.94975,
Burr Oak,8/3/2005,9,409212,4377499,3,27.78825,
Burr Oak,8/3/2005,9,409212,4377499,5,27.78825,
Burr Oak,8/3/2005,9,409212,4377499,7,12.35825,
Burr Oak,8/23/2005,dam,409224,4377256,0,26.9,7.78
Burr Oak,8/23/2005,dam,409224,4377256,1,26.5,8.02
Burr Oak,8/23/2005,dam,409224,4377256,2,26.5,8.03
Burr Oak,8/23/2005,dam,409224,4377256,3,26.4,7.95
Burr Oak,8/23/2005,dam,409224,4377256,4,25.7,6.75
Burr Oak,8/23/2005,dam,409224,4377256,5,21.4,2.05
Burr Oak,8/23/2005,dam,409224,4377256,6,17.6,1.12
Burr Oak,8/23/2005,dam,409224,4377256,7,14,1.1
Burr Oak,8/23/2005,dam,409224,4377256,8,12.4,1.06
Burr Oak,8/23/2005,upper,411383,4376784,0,28.3,7.99
Burr Oak,8/23/2005,upper,411383,4376784,1,27.3,8.44
Burr Oak,8/23/2005,upper,411383,4376784,2,26.8,7.23
Burr Oak,8/23/2005,upper,411383,4376784,3,26.5,6.34
Burr Oak,8/23/2005,upper,411383,4376784,4,26.1,1.22
Burr Oak,10/17/2005,lower,409205,4377325,0,18.2,4
Burr Oak,10/17/2005,lower,409205,4377325,1,18,4.2
Burr Oak,10/17/2005,lower,409205,4377325,2,17.9,4.2
Burr Oak,10/17/2005,lower,409205,4377325,3,17.9,4.2
Burr Oak,10/17/2005,lower,409205,4377325,4,17.9,4.2
Burr Oak,10/17/2005,lower,409205,4377325,5,17.9,4.3
Burr Oak,10/17/2005,lower,409205,4377325,6,15,3.2
Burr Oak,10/17/2005,lower,409205,4377325,7,13,2.8
Burr Oak,10/17/2005,lower,409205,4377325,8,12.9,2.2
Burr Oak,10/17/2005,lower,409205,4377325,9,12,2
Burr Oak,10/17/2005,upper,411217,4376927,0,19.1,9.4
Burr Oak,10/17/2005,upper,411217,4376927,1,18,10.3
Burr Oak,10/17/2005,upper,411217,4376927,2,17.5,10.3
Burr Oak,10/17/2005,upper,411217,4376927,3,17.2,10.5
Burr Oak,6/6/2006,2,409186,4377276,0,22.6,10.2
Burr Oak,6/6/2006,2,409186,4377276,1,22.7,10.4
Burr Oak,6/6/2006,2,409186,4377276,2,22.5,10.45
Burr Oak,6/6/2006,2,409186,4377276,3,22.4,10.4
Burr Oak,6/6/2006,2,409186,4377276,4,18.7,10.95
Burr Oak,6/6/2006,2,409186,4377276,5,16.8,9.4
Burr Oak,6/6/2006,2,409186,4377276,6,15.6,5
Burr Oak,6/6/2006,2,409186,4377276,7,14.3,2.7
Burr Oak,6/6/2006,2,409186,4377276,8,12.6,2.4
Burr Oak,6/6/2006,2,409186,4377276,9,11,2.3
Burr Oak,6/6/2006,upper,411202,4376955,0,23,6
Burr Oak,6/6/2006,upper,411202,4376955,1,22.9,6.4
Burr Oak,6/6/2006,upper,411202,4376955,2,22.7,6.4
Burr Oak,6/6/2006,upper,411202,4376955,3,20.5,2.7
Burr Oak,6/6/2006,upper,411202,4376955,4,20.5,0
Burr Oak,7/31/2006,9,409212,4377499,1,29.5,
Burr Oak,7/31/2006,9,409212,4377499,3,26.59775,
Burr Oak,7/31/2006,9,409212,4377499,5,21.485,
Burr Oak,7/31/2006,9,409212,4377499,7,14.7325,
Burr Oak,7/31/2006,W01,409229,4377482,0,31.7,8.65
Burr Oak,7/31/2006,W01,409229,4377482,1,31.4,9.42
Burr Oak,7/31/2006,W01,409229,4377482,2,27.6,11.14
Burr Oak,7/31/2006,W01,409229,4377482,3,27.3,10.21
Burr Oak,7/31/2006,W01,409229,4377482,4,24.1,1.9
Burr Oak,7/31/2006,W01,409229,4377482,5,21.8,0.12
Burr Oak,7/31/2006,W01,409229,4377482,6,17.7,0.4
Burr Oak,7/31/2006,W01,409229,4377482,7,16.1,0.3
Burr Oak,10/16/2006,1,409252,4377341,0,15.4,5.46
Burr Oak,10/16/2006,1,409252,4377341,1,15.4,5.19
Burr Oak,10/16/2006,1,409252,4377341,2,15.4,5.18
Burr Oak,10/16/2006,1,409252,4377341,3,15.4,5.18
Burr Oak,10/16/2006,1,409252,4377341,4,15.4,5.1
Burr Oak,10/16/2006,1,409252,4377341,5,15.4,5.04
Burr Oak,10/16/2006,1,409252,4377341,6,15.4,4.97
Burr Oak,10/16/2006,1,409252,4377341,7,15.4,4.94
Burr Oak,10/16/2006,1,409252,4377341,8,15.3,4.78
Burr Oak,10/16/2006,1,409252,4377341,9,15.2,0.01
Burr Oak,10/16/2006,2,411165,4376996,0,14.1,7.36
Burr Oak,10/16/2006,2,411165,4376996,1,14,7.21
Burr Oak,10/16/2006,2,411165,4376996,2,13.9,7.43
Burr Oak,10/16/2006,2,411165,4376996,3,13.7,7.35
Burr Oak,10/16/2006,2,411165,4376996,4,13.7,0.01
Burr Oak,6/6/2007,1,409217,4377478,0,24.3,7.9
Burr Oak,6/6/2007,1,409217,4377478,1,24.2,8
Burr Oak,6/6/2007,1,409217,4377478,2,23.9,8
Burr Oak,6/6/2007,1,409217,4377478,3,22,9.7
Burr Oak,6/6/2007,1,409217,4377478,4,18.9,10.2
Burr Oak,6/6/2007,1,409217,4377478,5,13.7,9
Burr Oak,6/6/2007,1,409217,4377478,6,10.6,1.9
Burr Oak,6/6/2007,1,409217,4377478,7,9.4,0.1
Burr Oak,6/6/2007,1,409217,4377478,8,8.9,0.1
Burr Oak,6/6/2007,2,411176,4377167,0,24.4,8.9
Burr Oak,6/6/2007,2,411176,4377167,1,24.5,8.7
Burr Oak,6/6/2007,2,411176,4377167,2,24.1,8.1
Burr Oak,6/6/2007,2,411176,4377167,3,21,3.4
Burr Oak,8/2/2007,9,409212,4377499,3,25.0105,
Burr Oak,8/2/2007,9,409212,4377499,5,19.97775,
Burr Oak,8/2/2007,9,409212,4377499,7,11.89225,
Burr Oak,8/2/2007,1,409237,4377521,0,30.8,8.12
Burr Oak,8/2/2007,1,409237,4377521,1,30.1,8.89
Burr Oak,8/2/2007,1,409237,4377521,2,27.5,9.96
Burr Oak,8/2/2007,1,409237,4377521,3,26.2,10.12
Burr Oak,8/2/2007,1,409237,4377521,4,24.4,9.93
Burr Oak,8/2/2007,1,409237,4377521,5,22.3,6.74
Burr Oak,8/2/2007,1,409237,4377521,6,16.7,0.74
Burr Oak,8/2/2007,1,409237,4377521,7,13.3,0.21
Burr Oak,8/2/2007,1,409237,4377521,8,11,0.03
Burr Oak,8/27/2007,1,411725,4378529,0,28.5,4.7
Burr Oak,8/27/2007,1,411725,4378529,1,27.8,4.3
Burr Oak,8/27/2007,1,411725,4378529,2,27,0.2
Burr Oak,8/27/2007,2,410827,4376280,0,28.5,7
Burr Oak,8/27/2007,2,410827,4376280,1,28.2,7.3
Burr Oak,8/27/2007,2,410827,4376280,2,27.7,7.2
Burr Oak,8/27/2007,2,410827,4376280,3,27.2,5.5
Burr Oak,8/27/2007,2,410827,4376280,4,25.5,0.3
Burr Oak,8/27/2007,3,409208,4377475,0,28.7,7.4
Burr Oak,8/27/2007,3,409208,4377475,1,28.3,7.7
Burr Oak,8/27/2007,3,409208,4377475,2,27.4,7.9
Burr Oak,8/27/2007,3,409208,4377475,3,26.9,7.9
Burr Oak,8/27/2007,3,409208,4377475,4,24.4,4.4
Burr Oak,8/27/2007,3,409208,4377475,5,21.5,0.9
Burr Oak,8/27/2007,3,409208,4377475,6,17.8,0.1
Burr Oak,8/27/2007,3,409208,4377475,7,13.9,0.09
Burr Oak,8/27/2007,3,409208,4377475,8,11.9,0.06
Burr Oak,10/22/2007,1,411620,4376865,0,18.5,8.66
Burr Oak,10/22/2007,1,411620,4376865,1,18.4,8.93
Burr Oak,10/22/2007,1,411620,4376865,2,18.4,8.91
Burr Oak,10/22/2007,1,411620,4376865,3,17.9,4.57
Burr Oak,10/22/2007,2,409242,4377497,0,18.8,7.57
Burr Oak,10/22/2007,2,409242,4377497,1,18.7,7.09
Burr Oak,10/22/2007,2,409242,4377497,2,18.4,5.8
Burr Oak,10/22/2007,2,409242,4377497,3,18.4,5.1
Burr Oak,10/22/2007,2,409242,4377497,4,18.3,4.1
Burr Oak,10/22/2007,2,409242,4377497,5,18.1,3.3
Burr Oak,10/22/2007,2,409242,4377497,6,18,0.04
Burr Oak,10/22/2007,2,409242,4377497,7,14.9,0
Burr Oak,10/22/2007,2,409242,4377497,8,13.6,0
Burr Oak,6/11/2008,1,409217,4377493,0,26.6,6.7
Burr Oak,6/11/2008,1,409217,4377493,1,26.6,6.7
Burr Oak,6/11/2008,1,409217,4377493,2,26.5,7.3
Burr Oak,6/11/2008,1,409217,4377493,3,23.1,8.1
Burr Oak,6/11/2008,1,409217,4377493,4,19.4,8.1
Burr Oak,6/11/2008,1,409217,4377493,5,17.4,3.6
Burr Oak,6/11/2008,1,409217,4377493,6,15.8,0.6
Burr Oak,6/11/2008,1,409217,4377493,7,14.1,0
Burr Oak,6/11/2008,1,409217,4377493,8,13.1,0
Burr Oak,6/11/2008,1,409217,4377493,8.5,12.3,0
Burr Oak,6/11/2008,2,410244,4375671,0,27.1,7.7
Burr Oak,6/11/2008,2,410244,4375671,1,26.6,7.8
Burr Oak,6/11/2008,2,410244,4375671,2,26.3,7.9
Burr Oak,6/11/2008,2,410244,4375671,3,24.1,7.3
Burr Oak,6/11/2008,2,410244,4375671,4,19.9,3.3
Burr Oak,6/11/2008,2,410244,4375671,5,17.9,1.4
Burr Oak,6/11/2008,2,410244,4375671,6,16.3,0
Burr Oak,6/11/2008,3,411164,4377238,0,27.6,7.4
Burr Oak,6/11/2008,3,411164,4377238,1,27.6,7.7
Burr Oak,6/11/2008,3,411164,4377238,2,26.7,6.7
Burr Oak,6/11/2008,3,411164,4377238,3,22.7,3.1
Burr Oak,6/11/2008,3,411164,4377238,3.5,22.4,0.4
Burr Oak,8/6/2008,9,409251,4377533,1,27.48675,
Burr Oak,8/6/2008,9,409251,4377533,3,27.026,
Burr Oak,8/6/2008,9,409251,4377533,5,22.9145,
Burr Oak,8/6/2008,9,409251,4377533,7,15.31825,
Burr Oak,8/6/2008,W01,409246,4377477,0,29,9.22
Burr Oak,8/6/2008,W01,409246,4377477,1,28.1,9.74
Burr Oak,8/6/2008,W01,409246,4377477,2,27.9,9.78
Burr Oak,8/6/2008,W01,409246,4377477,3,27.2,8.76
Burr Oak,8/6/2008,W01,409246,4377477,4,26.2,6.04
Burr Oak,8/6/2008,W01,409246,4377477,5,23.6,1.37
Burr Oak,8/6/2008,W01,409246,4377477,6,19,0.36
Burr Oak,8/6/2008,W01,409246,4377477,7,16,0.14
Burr Oak,8/6/2008,W01,409246,4377477,8,13.9,0.08
Burr Oak,8/6/2008,W01,409246,4377477,9,13.6,0.06
Burr Oak,10/6/2008,1,411227,4377581,0,18.3,8.7
Burr Oak,10/6/2008,1,411227,4377581,1,18.3,8.62
Burr Oak,10/6/2008,1,411227,4377581,2,18.3,8.45
Burr Oak,10/6/2008,1,411227,4377581,2.5,18.2,7.38
Burr Oak,10/6/2008,2,410195,4376205,0,19.4,7.3
Burr Oak,10/6/2008,2,410195,4376205,1,19.4,7.19
Burr Oak,10/6/2008,2,410195,4376205,2,19.4,7.15
Burr Oak,10/6/2008,2,410195,4376205,3,19.3,6.8
Burr Oak,10/6/2008,2,410195,4376205,4,19.2,6.08
Burr Oak,10/6/2008,2,410195,4376205,5,19.1,5.71
Burr Oak,10/6/2008,2,410195,4376205,6,19.1,4.61
Burr Oak,10/6/2008,2,410195,4376205,7,19,4.23
Burr Oak,10/6/2008,2,410195,4376205,7.5,17.1,3.3
Burr Oak,10/6/2008,3,409199,4377494,0,19.9,5
Burr Oak,10/6/2008,3,409199,4377494,1,19.7,4.97
Burr Oak,10/6/2008,3,409199,4377494,2,19.7,4.97
Burr Oak,10/6/2008,3,409199,4377494,3,19.6,4.78
Burr Oak,10/6/2008,3,409199,4377494,4,19.4,4
Burr Oak,10/6/2008,3,409199,4377494,5,19.3,3.19
Burr Oak,10/6/2008,3,409199,4377494,6,19.2,3.05
Burr Oak,10/6/2008,3,409199,4377494,7,17.8,0.85
Burr Oak,10/6/2008,3,409199,4377494,8,15,0
Burr Oak,6/3/2009,1,409198,4377520,0,24.2,8.7
Burr Oak,6/3/2009,1,409198,4377520,1,24.2,8.61
Burr Oak,6/3/2009,1,409198,4377520,2,24.2,8.49
Burr Oak,6/3/2009,1,409198,4377520,3,23.1,9.54
Burr Oak,6/3/2009,1,409198,4377520,4,20,9.11
Burr Oak,6/3/2009,1,409198,4377520,5,17.9,5.28
Burr Oak,6/3/2009,1,409198,4377520,6,15.9,0.83
Burr Oak,6/3/2009,1,409198,4377520,7,13.7,0.03
Burr Oak,6/3/2009,1,409198,4377520,8,12.5,0.02
Burr Oak,6/3/2009,1,409198,4377520,9,11.8,0
Burr Oak,6/3/2009,2,410167,4375876,0,24.1,8.67
Burr Oak,6/3/2009,2,410167,4375876,1,24.1,8.62
Burr Oak,6/3/2009,2,410167,4375876,2,24.1,8.52
Burr Oak,6/3/2009,2,410167,4375876,3,23.4,8.3
Burr Oak,6/3/2009,2,410167,4375876,4,19.9,5.41
Burr Oak,6/3/2009,2,410167,4375876,5,17.8,1
Burr Oak,6/3/2009,2,410167,4375876,6,16,0.04
Burr Oak,6/3/2009,2,410167,4375876,6.5,14.6,0.01
Burr Oak,6/3/2009,3,411390,4377020,0,24.3,8.35
Burr Oak,6/3/2009,3,411390,4377020,1,24.2,7.97
Burr Oak,6/3/2009,3,411390,4377020,2,24,7.27
Burr Oak,6/3/2009,3,411390,4377020,3,20.8,5.75
Burr Oak,6/3/2009,3,411390,4377020,4,20,3.08
Burr Oak,8/5/2009,1,409293,4377519,0,25.7,9.07
Burr Oak,8/5/2009,1,409293,4377519,1,25.7,8.88
Burr Oak,8/5/2009,1,409293,4377519,2,25.5,8.67
Burr Oak,8/5/2009,1,409293,4377519,3,24.3,2.66
Burr Oak,8/5/2009,1,409293,4377519,4,23.5,0.17
Burr Oak,8/5/2009,1,409293,4377519,5,20.7,0.11
Burr Oak,8/5/2009,1,409293,4377519,6,17.9,0.11
Burr Oak,8/5/2009,1,409293,4377519,7,15.6,0.12
Burr Oak,8/5/2009,1,409293,4377519,8,14.9,0.12
Burr Oak,8/5/2009,1,409293,4377519,9,14.8,0.12
Burr Oak,8/5/2009,9,409208,4377491,1,25.6165,
Burr Oak,8/5/2009,9,409208,4377491,3,24.1945,
Burr Oak,8/5/2009,9,409208,4377491,5,21.06175,
Burr Oak,8/5/2009,9,409208,4377491,7,15.2405,
Burr Oak,10/13/2009,1,411230,4377518,0,16.2,8.7
Burr Oak,10/13/2009,1,411230,4377518,1,16.1,8.63
Burr Oak,10/13/2009,1,411230,4377518,2,16.1,8.44
Burr Oak,10/13/2009,2,410707,4376058,0,16.5,7.23
Burr Oak,10/13/2009,2,410707,4376058,1,16.6,7.2
Burr Oak,10/13/2009,2,410707,4376058,2,16.6,7.18
Burr Oak,10/13/2009,2,410707,4376058,3,16.6,7.13
Burr Oak,10/13/2009,2,410707,4376058,4,16.5,6.74
Burr Oak,10/13/2009,2,410707,4376058,5,16.6,5.63
Burr Oak,10/13/2009,2,410707,4376058,6,16.1,3.95
Burr Oak,10/13/2009,3,409247,4377510,0,16.7,3.79
Burr Oak,10/13/2009,3,409247,4377510,1,16.8,3.7
Burr Oak,10/13/2009,3,409247,4377510,2,16.8,2.29
Burr Oak,10/13/2009,3,409247,4377510,3,16.7,1.97
Burr Oak,10/13/2009,3,409247,4377510,4,16.7,1.97
Burr Oak,10/13/2009,3,409247,4377510,5,16.7,1.89
Burr Oak,10/13/2009,3,409247,4377510,6,16.7,2.11
Burr Oak,10/13/2009,3,409247,4377510,7,16.6,1.73
Burr Oak,7/13/2010,1,409234,4377465,0,28.8,7.39
Burr Oak,7/13/2010,1,409234,4377465,1,28.8,7.35
Burr Oak,7/13/2010,1,409234,4377465,2,28.9,7.11
Burr Oak,7/13/2010,1,409234,4377465,3,27.8,7.58
Burr Oak,7/13/2010,1,409234,4377465,4,25.4,6.65
Burr Oak,7/13/2010,1,409234,4377465,5,22.6,1.9
Burr Oak,7/13/2010,1,409234,4377465,6,18,0.04
Burr Oak,7/13/2010,1,409234,4377465,7,15.5,0
Burr Oak,7/13/2010,1,409234,4377465,8,13.7,0
Burr Oak,7/13/2010,2,411137,4377319,0,28.8,7.71
Burr Oak,7/13/2010,2,411137,4377319,1,28.8,6.7
Burr Oak,7/13/2010,2,411137,4377319,2,28.8,6.48
Burr Oak,7/13/2010,2,411137,4377319,3,28.4,3.23
Burr Oak,8/10/2010,9,409208,4377491,1,28.9035,
Burr Oak,8/10/2010,9,409208,4377491,3,27.43775,
Burr Oak,8/10/2010,9,409208,4377491,5,22.0825,
Burr Oak,8/10/2010,9,409208,4377491,7,14.577,
Burr Oak,8/10/2010,Dam,409235,4377462,0,30.9,9.6
Burr Oak,8/10/2010,Dam,409235,4377462,1,29.4,10.9
Burr Oak,8/10/2010,Dam,409235,4377462,2,28.8,11
Burr Oak,8/10/2010,Dam,409235,4377462,3,27.4,8.8
Burr Oak,8/10/2010,Dam,409235,4377462,4,26,4.1
Burr Oak,8/10/2010,Dam,409235,4377462,5,21.4,0.9
Burr Oak,8/10/2010,Dam,409235,4377462,6,17.6,0.5
Burr Oak,8/10/2010,Dam,409235,4377462,7,15.5,0.4
Burr Oak,8/10/2010,Dam,409235,4377462,8,13.8,0.3
Burr Oak,10/12/2010,1,411331,4377560,0,18.2,7.02
Burr Oak,10/12/2010,1,411331,4377560,1,18.1,7.14
Burr Oak,10/12/2010,1,411331,4377560,2,17.9,6.8
Burr Oak,10/12/2010,2,410322,4376145,0,18.6,9.81
Burr Oak,10/12/2010,2,410322,4376145,1,18.6,9.65
Burr Oak,10/12/2010,2,410322,4376145,2,18.5,9.52
Burr Oak,10/12/2010,2,410322,4376145,3,18.2,5.97
Burr Oak,10/12/2010,2,410322,4376145,4,17.9,4.17
Burr Oak,10/12/2010,2,410322,4376145,5,17.7,2.6
Burr Oak,10/12/2010,3,409309,4377342,0,18.3,6.16
Burr Oak,10/12/2010,3,409309,4377342,1,18.2,6.18
Burr Oak,10/12/2010,3,409309,4377342,2,18,6.09
Burr Oak,10/12/2010,3,409309,4377342,3,18,6.03
Burr Oak,10/12/2010,3,409309,4377342,4,17.8,2.1
Burr Oak,10/12/2010,3,409309,4377342,5,17.7,1.71
Burr Oak,10/12/2010,3,409309,4377342,6,17.6,1.46
Burr Oak,10/12/2010,3,409309,4377342,7,17.3,0.02
Burr Oak,10/12/2010,3,409309,4377342,8,15.3,0
Burr Oak,10/12/2010,3,409309,4377342,9,14.5,0
Burr Oak,5/31/2011,1,409213,4377502,0,28.1,8.38
Burr Oak,5/31/2011,1,409213,4377502,0,28.1,8.38
Burr Oak,5/31/2011,1,409213,4377502,1,26.9,9.07
Burr Oak,5/31/2011,1,409213,4377502,1,26.9,9.07
Burr Oak,5/31/2011,1,409213,4377502,2,24.8,9.74
Burr Oak,5/31/2011,1,409213,4377502,2,24.8,9.74
Burr Oak,5/31/2011,1,409213,4377502,3,22,9.56
Burr Oak,5/31/2011,1,409213,4377502,3,22,9.56
Burr Oak,5/31/2011,1,409213,4377502,4,17.2,6
Burr Oak,5/31/2011,1,409213,4377502,4,17.2,6
Burr Oak,5/31/2011,1,409213,4377502,5,15.4,3.23
Burr Oak,5/31/2011,1,409213,4377502,5,14.3,1.03
Burr Oak,5/31/2011,1,409213,4377502,6,13.4,0.06
Burr Oak,5/31/2011,1,409213,4377502,6,13.4,0.06
Burr Oak,5/31/2011,1,409213,4377502,7,12.7,0.02
Burr Oak,5/31/2011,1,409213,4377502,7.75,12,0
Burr Oak,5/31/2011,1,409213,4377502,7.75,12,0
Burr Oak,5/31/2011,2,411304,4377699,0,29.7,8.31
Burr Oak,5/31/2011,2,411304,4377699,1,28.3,8.12
Burr Oak,5/31/2011,2,411304,4377699,2,24.6,7.3
Burr Oak,5/31/2011,2,411304,4377699,3,21.3,2.02
Burr Oak,6/27/2011,1,409220,4377479,0,26,7.8
Burr Oak,6/27/2011,1,409220,4377479,1,25.1,7.83
Burr Oak,6/27/2011,1,409220,4377479,2,24.6,7.93
Burr Oak,6/27/2011,1,409220,4377479,3,24.3,7.8
Burr Oak,6/27/2011,1,409220,4377479,4,24,6.75
Burr Oak,6/27/2011,1,409220,4377479,5,19.7,1.34
Burr Oak,6/27/2011,1,409220,4377479,6,16.4,0.28
Burr Oak,6/27/2011,1,409220,4377479,7,14.5,0.12
Burr Oak,6/27/2011,1,409220,4377479,8,13.1,0.04
Burr Oak,6/27/2011,1,409220,4377479,8.5,12.5,0.01
Burr Oak,7/19/2011,1,409272,4377449,0,28.8,8.21
Burr Oak,7/19/2011,1,409272,4377449,1,28.7,8.3
Burr Oak,7/19/2011,1,409272,4377449,2,28.5,8.28
Burr Oak,7/19/2011,1,409272,4377449,3,27.7,8.29
Burr Oak,7/19/2011,1,409272,4377449,4,26.6,7.75
Burr Oak,7/19/2011,1,409272,4377449,5,24.4,1.22
Burr Oak,7/19/2011,1,409272,4377449,6,21.1,0.05
Burr Oak,7/19/2011,1,409272,4377449,7,18.5,0.02
Burr Oak,7/19/2011,1,409272,4377449,8,16.6,0.01
Burr Oak,7/19/2011,1,409272,4377449,9,14.5,0.01
Burr Oak,7/19/2011,2,411284,4377547,0,29.2,8.61
Burr Oak,7/19/2011,2,411284,4377547,1,29,8.4
Burr Oak,7/19/2011,2,411284,4377547,2,28.7,8.13
Burr Oak,7/19/2011,2,411284,4377547,3,27.4,1.23
Burr Oak,8/10/2011,9,409208,4377491,1,28.8725,
Burr Oak,8/10/2011,9,409208,4377491,3,28.41275,
Burr Oak,8/10/2011,9,409208,4377491,5,24.30475,
Burr Oak,8/10/2011,9,409208,4377491,7,17.385,
Burr Oak,8/10/2011,WQ,409233,4377467,0,29.1,7.67
Burr Oak,8/10/2011,WQ,409233,4377467,1,29.2,8.03
Burr Oak,8/10/2011,WQ,409233,4377467,2,28.7,7.59
Burr Oak,8/10/2011,WQ,409233,4377467,3,28.4,7.1
Burr Oak,8/10/2011,WQ,409233,4377467,4,27.2,3.61
Burr Oak,8/10/2011,WQ,409233,4377467,5,23.6,0.39
Burr Oak,8/10/2011,WQ,409233,4377467,6,20.5,0.08
Burr Oak,8/10/2011,WQ,409233,4377467,7,18.7,0.07
Burr Oak,8/10/2011,WQ,409233,4377467,8,16.2,0.07
Burr Oak,8/10/2011,WQ2,409269,4377192,0,29.3,8.25
Burr Oak,8/10/2011,WQ2,409269,4377192,1,29.2,8.5
Burr Oak,8/10/2011,WQ2,409269,4377192,2,28.7,8.29
Burr Oak,8/10/2011,WQ2,409269,4377192,3,28.5,7.98
Burr Oak,8/10/2011,WQ2,409269,4377192,4,27.2,3.06
Burr Oak,8/10/2011,WQ2,409269,4377192,5,23,0.84
Burr Oak,8/10/2011,WQ2,409269,4377192,6,21.1,0.14
Burr Oak,8/10/2011,WQ2,409269,4377192,7,18,0.1
Burr Oak,8/10/2011,WQ2,409269,4377192,8,16.2,0.09
Burr Oak,8/10/2011,WQ2,409269,4377192,9,15.3,0.09
Burr Oak,8/10/2011,WQ2,409269,4377192,10,14.4,0.09
Burr Oak,8/16/2011,1,409228,4377466,0,28,7.73
Burr Oak,8/16/2011,1,409228,4377466,1,27.1,7.85
Burr Oak,8/16/2011,1,409228,4377466,2,26.8,7.65
Burr Oak,8/16/2011,1,409228,4377466,3,26.6,7.4
Burr Oak,8/16/2011,1,409228,4377466,4,26.6,7.09
Burr Oak,8/16/2011,1,409228,4377466,5,26.2,4.26
Burr Oak,8/16/2011,1,409228,4377466,6,21.2,0.1
Burr Oak,8/16/2011,1,409228,4377466,7,18.5,0.03
Burr Oak,8/16/2011,1,409228,4377466,8,16.5,0.01
Burr Oak,9/30/2011,1,409225,4377481,0,21.2,6.24
Burr Oak,9/30/2011,1,409225,4377481,1,21.1,6.11
Burr Oak,9/30/2011,1,409225,4377481,2,21,5.72
Burr Oak,9/30/2011,1,409225,4377481,3,20.9,5.43
Burr Oak,9/30/2011,1,409225,4377481,4,20.9,0.68
Burr Oak,9/30/2011,1,409225,4377481,5,20.8,0.04
Burr Oak,9/30/2011,1,409225,4377481,6,20.7,0.02
Burr Oak,9/30/2011,1,409225,4377481,7,20.6,0.01
Burr Oak,9/30/2011,1,409225,4377481,8,20.1,0.01
Burr Oak,10/11/2011,1,411179,4377420,0,18.3,9.01
Burr Oak,10/11/2011,1,411179,4377420,1,18.2,9.04
Burr Oak,10/11/2011,1,411179,4377420,2,18.1,8.75
Burr Oak,10/11/2011,1,411179,4377420,3,18,8.59
Burr Oak,10/11/2011,2,409222,4377477,0,18.6,8.36
Burr Oak,10/11/2011,2,409222,4377477,1,18.4,8.05
Burr Oak,10/11/2011,2,409222,4377477,2,18.3,7.28
Burr Oak,10/11/2011,2,409222,4377477,3,18.1,5.32
Burr Oak,10/11/2011,2,409222,4377477,4,17.7,3.62
Burr Oak,10/11/2011,2,409222,4377477,5,17.4,3.22
Burr Oak,10/11/2011,2,409222,4377477,6,17.2,2.57
Burr Oak,10/11/2011,2,409222,4377477,7,17,2.16
Burr Oak,10/11/2011,2,409222,4377477,8,16.9,1.32
Burr Oak,10/31/2011,1,409221,4377470,0,12.3,5.87
Burr Oak,10/31/2011,1,409221,4377470,1,12.4,5.73
Burr Oak,10/31/2011,1,409221,4377470,2,12.5,5.74
Burr Oak,10/31/2011,1,409221,4377470,3,12.5,5.66
Burr Oak,10/31/2011,1,409221,4377470,4,12.5,5.6
Burr Oak,10/31/2011,1,409221,4377470,5,12.6,5.67
Burr Oak,10/31/2011,1,409221,4377470,6,12.6,5.67
Burr Oak,10/31/2011,1,409221,4377470,7,12.6,5.7
Burr Oak,10/31/2011,1,409221,4377470,8,12.6,5.66
Burr Oak,10/31/2011,1,409221,4377470,8.5,12.6,5.57
Burr Oak,6/18/2012,1,368809,4337786,0,25.5,7.85
Burr Oak,6/18/2012,1,368809,4337786,1,25.3,7.77
Burr Oak,6/18/2012,1,368809,4337786,2,24.7,7.45
Burr Oak,6/18/2012,1,368809,4337786,3,20.4,2.14
Burr Oak,6/18/2012,1,368809,4337786,4,16.7,0.05
Burr Oak,6/18/2012,1,368809,4337786,5,14.2,0.01
Burr Oak,6/18/2012,1,368809,4337786,6,13.3,0
Burr Oak,6/20/2012,1,409205,4377439,0,27.4,7.9
Burr Oak,6/20/2012,1,409205,4377439,1,27.2,7.86
Burr Oak,6/20/2012,1,409205,4377439,2,26.5,8.1
Burr Oak,6/20/2012,1,409205,4377439,3,25.6,7.75
Burr Oak,6/20/2012,1,409205,4377439,4,24,7.59
Burr Oak,6/20/2012,1,409205,4377439,5,19.6,5
Burr Oak,6/20/2012,1,409205,4377439,6,16.2,0.72
Burr Oak,6/20/2012,1,409205,4377439,7,14.4,0.05
Burr Oak,6/20/2012,1,409205,4377439,8,13,0.01
Burr Oak,6/20/2012,1,409205,4377439,8.5,12.5,0
Burr Oak,7/13/2012,1,409201,4377501,0,28.7,7.21
Burr Oak,7/13/2012,1,409201,4377501,1,28.8,7.58
Burr Oak,7/13/2012,1,409201,4377501,2,28.8,7.55
Burr Oak,7/13/2012,1,409201,4377501,3,28.8,7.43
Burr Oak,7/13/2012,1,409201,4377501,4,26.9,7.71
Burr Oak,7/13/2012,1,409201,4377501,5,23.6,6.44
Burr Oak,7/13/2012,1,409201,4377501,6,19.5,1.81
Burr Oak,7/13/2012,1,409201,4377501,7,15.4,0.26
Burr Oak,7/13/2012,1,409201,4377501,8,13.3,0.05
Burr Oak,8/9/2012,9,409202,4377496,1,28.83025,
Burr Oak,8/9/2012,9,409202,4377496,3,28.10925,
Burr Oak,8/9/2012,9,409202,4377496,5,24.76825,
Burr Oak,8/9/2012,9,409202,4377496,7,16.028,
Burr Oak,8/9/2012,WQ,409199,4377496,0,28.8,9.31
Burr Oak,8/9/2012,WQ,409199,4377496,1,28.9,9.31
Burr Oak,8/9/2012,WQ,409199,4377496,2,28.5,9.73
Burr Oak,8/9/2012,WQ,409199,4377496,3,27.8,9.14
Burr Oak,8/9/2012,WQ,409199,4377496,4,26.6,5.77
Burr Oak,8/9/2012,WQ,409199,4377496,5,24.2,1.28
Burr Oak,8/9/2012,WQ,409199,4377496,6,21.1,0.48
Burr Oak,8/9/2012,WQ,409199,4377496,7,17.2,0.12
Burr Oak,8/9/2012,WQ,409199,4377496,8,13.8,0.12
Burr Oak,8/14/2012,1,409209,4377498,0,26.6,8.7
Burr Oak,8/14/2012,1,409209,4377498,1,26.6,8.48
Burr Oak,8/14/2012,1,409209,4377498,2,26.6,8.37
Burr Oak,8/14/2012,1,409209,4377498,3,26.5,8.06
Burr Oak,8/14/2012,1,409209,4377498,4,26.3,6.44
Burr Oak,8/14/2012,1,409209,4377498,5,25.2,0.74
Burr Oak,8/14/2012,1,409209,4377498,6,22.2,0.63
Burr Oak,8/14/2012,1,409209,4377498,7,17.3,0.02
Burr Oak,8/14/2012,1,409209,4377498,8,14.8,0.02
Burr Oak,8/14/2012,1,409209,4377498,9,13.5,0.01
Burr Oak,8/14/2012,2,410284,4376149,0,26.4,7.67
Burr Oak,8/14/2012,2,410284,4376149,1,26.4,7.39
Burr Oak,8/14/2012,2,410284,4376149,2,26.4,7.27
Burr Oak,8/14/2012,2,410284,4376149,3,26.4,7.07
Burr Oak,8/14/2012,2,410284,4376149,4,26.4,6.43
Burr Oak,8/14/2012,2,410284,4376149,5,25.4,0.09
Burr Oak,8/14/2012,2,410284,4376149,6,22.1,0.03
Burr Oak,8/14/2012,3,411209,4377488,0,26.6,8.11
Burr Oak,8/14/2012,3,411209,4377488,1,26.6,7.68
Burr Oak,8/14/2012,3,411209,4377488,2,26.6,7.73
Burr Oak,8/14/2012,3,411209,4377488,3,25.2,1.04
Burr Oak,9/11/2012,1,409202,4377496,0,24.4,5.93
Burr Oak,9/11/2012,1,409202,4377496,1,24.4,5.9
Burr Oak,9/11/2012,1,409202,4377496,2,24.3,5.95
Burr Oak,9/11/2012,1,409202,4377496,3,24.3,5.76
Burr Oak,9/11/2012,1,409202,4377496,4,24.3,5.65
Burr Oak,9/11/2012,1,409202,4377496,5,24.3,5.72
Burr Oak,9/11/2012,1,409202,4377496,6,22.7,0.13
Burr Oak,9/11/2012,1,409202,4377496,7,18.5,0.03
Burr Oak,9/11/2012,1,409202,4377496,8,15.6,0.02
Burr Oak,9/11/2012,1,409202,4377496,9,13.9,0.01
Burr Oak,10/15/2012,1,409216,4377515,0,16.9,5.7
Burr Oak,10/15/2012,1,409216,4377515,1,16.9,5.8
Burr Oak,10/15/2012,1,409216,4377515,2,16.9,5.7
Burr Oak,10/15/2012,1,409216,4377515,3,16.9,5.5
Burr Oak,10/15/2012,1,409216,4377515,4,16.9,5
Burr Oak,10/15/2012,1,409216,4377515,5,16.7,3.8
Burr Oak,10/15/2012,1,409216,4377515,6,16.4,2.6
Burr Oak,10/15/2012,1,409216,4377515,7,16.2,1.4
Burr Oak,10/15/2012,1,409216,4377515,8,16.1,1.3
Burr Oak,10/15/2012,1,409216,4377515,9,15.4,0.2
Burr Oak,10/15/2012,2,411339,4377074,0,16.5,7.8
Burr Oak,10/15/2012,2,411339,4377074,1,16.4,8.1
Burr Oak,10/15/2012,2,411339,4377074,2,16.3,8
Burr Oak,10/15/2012,2,411339,4377074,3,16.3,7.8
Burr Oak,10/24/2012,1,411190,4377258,0,17.4,10.05
Burr Oak,10/24/2012,1,411190,4377258,1,17.2,10.14
Burr Oak,10/24/2012,1,411190,4377258,2,16.7,7.25
Burr Oak,10/24/2012,1,411190,4377258,3,15.6,7.72
Burr Oak,10/24/2012,2,409223,4377488,0,18.7,8.1
Burr Oak,10/24/2012,2,409223,4377488,1,18.2,7.8
Burr Oak,10/24/2012,2,409223,4377488,2,17.6,7.5
Burr Oak,10/24/2012,2,409223,4377488,3,16.4,4.7
Burr Oak,10/24/2012,2,409223,4377488,4,15.5,4.4
Burr Oak,10/24/2012,2,409223,4377488,5,15.3,4.7
Burr Oak,10/24/2012,2,409223,4377488,6,15.1,4.8
Burr Oak,10/24/2012,2,409223,4377488,7,15,5.1
Burr Oak,10/24/2012,2,409223,4377488,8,15,4.4
Burr Oak,6/11/2013,1,409211,4377484,0,24.5,7.4
Burr Oak,6/11/2013,1,409211,4377484,0,24.5,7.4
Burr Oak,6/11/2013,1,409211,4377484,1,24.4,8.1
Burr Oak,6/11/2013,1,409211,4377484,1,24.4,8.1
Burr Oak,6/11/2013,1,409211,4377484,2,24.2,7.88
Burr Oak,6/11/2013,1,409211,4377484,2,24.2,7.88
Burr Oak,6/11/2013,1,409211,4377484,3,22.9,7.95
Burr Oak,6/11/2013,1,409211,4377484,3,22.9,7.95
Burr Oak,6/11/2013,1,409211,4377484,4,21.6,8.04
Burr Oak,6/11/2013,1,409211,4377484,4,21.6,8.04
Burr Oak,6/11/2013,1,409211,4377484,5,18.6,7.23
Burr Oak,6/11/2013,1,409211,4377484,5,18.6,7.23
Burr Oak,6/11/2013,1,409211,4377484,6,15.4,3.9
Burr Oak,6/11/2013,1,409211,4377484,6,15.4,3.9
Burr Oak,6/11/2013,1,409211,4377484,7,13.5,1.06
Burr Oak,6/11/2013,1,409211,4377484,7,13.5,1.06
Burr Oak,6/11/2013,1,409211,4377484,8,11.4,0.01
Burr Oak,6/11/2013,1,409211,4377484,8,11.4,0.01
Burr Oak,6/11/2013,2,411138,4377280,0,25.2,8.6
Burr Oak,6/11/2013,2,411138,4377280,1,24.6,8.44
Burr Oak,6/11/2013,2,411138,4377280,2,24.2,8.37
Burr Oak,6/11/2013,2,411138,4377280,3,23.7,6.31
Burr Oak,7/19/2013,1-lower,409205,4377495,0,31.8,8.66
Burr Oak,7/19/2013,1-lower,409205,4377495,1,31.7,8.71
Burr Oak,7/19/2013,1-lower,409205,4377495,2,30.1,9.22
Burr Oak,7/19/2013,1-lower,409205,4377495,3,29.9,4.8
Burr Oak,7/19/2013,1-lower,409205,4377495,4,26,0.3
Burr Oak,7/19/2013,1-lower,409205,4377495,5,23.8,0.03
Burr Oak,7/19/2013,1-lower,409205,4377495,6,22.8,0.02
Burr Oak,7/19/2013,1-lower,409205,4377495,7,22,0.02
Burr Oak,8/7/2013,9,409202,4377497,1,27.01658333,
Burr Oak,8/7/2013,9,409202,4377497,3,25.21258333,
Burr Oak,8/7/2013,9,409202,4377497,5,23.76683333,
Burr Oak,8/7/2013,9,409202,4377497,7,19.98460417,
Burr Oak,8/7/2013,WQ,409195,4377487,0,27.8,8.66
Burr Oak,8/7/2013,WQ,409195,4377487,1,27.6,8.81
Burr Oak,8/7/2013,WQ,409195,4377487,2,26.1,7.78
Burr Oak,8/7/2013,WQ,409195,4377487,3,25.2,5.64
Burr Oak,8/7/2013,WQ,409195,4377487,4,24.7,3.17
Burr Oak,8/7/2013,WQ,409195,4377487,5,24,0.33
Burr Oak,8/7/2013,WQ,409195,4377487,6,21.4,0.16
Burr Oak,8/7/2013,WQ,409195,4377487,7,20.2,0.11
Burr Oak,8/7/2013,WQ,409195,4377487,8,19,0.1
Burr Oak,8/12/2013,1,409203,4377494,0,30.6,8.11
Burr Oak,8/12/2013,1,409203,4377494,1,29.6,8.45
Burr Oak,8/12/2013,1,409203,4377494,2,28.9,7.84
Burr Oak,8/12/2013,1,409203,4377494,3,28.2,5.45
Burr Oak,8/12/2013,1,409203,4377494,4,27.3,1.44
Burr Oak,8/12/2013,1,409203,4377494,5,26.7,0.07
Burr Oak,8/12/2013,1,409203,4377494,6,24.1,0.03
Burr Oak,8/12/2013,1,409203,4377494,7,22.5,0.03
Burr Oak,8/12/2013,1,409203,4377494,8,21.1,0.03
Burr Oak,8/12/2013,1,409203,4377494,9,19.6,0.02
Burr Oak,8/12/2013,2,410294,4376158,0,30.2,8.98
Burr Oak,8/12/2013,2,410294,4376158,1,29.5,9.42
Burr Oak,8/12/2013,2,410294,4376158,2,29,9.16
Burr Oak,8/12/2013,2,410294,4376158,3,28.4,6.62
Burr Oak,8/12/2013,2,410294,4376158,4,27.2,0.92
Burr Oak,8/12/2013,2,410294,4376158,5,26.1,0.04
Burr Oak,8/12/2013,2,410294,4376158,6,24.2,0.03
Burr Oak,8/12/2013,3,411258,4377545,0,31,8.01
Burr Oak,8/12/2013,3,411258,4377545,1,29.5,8.18
Burr Oak,8/12/2013,3,411258,4377545,2,28.7,4.59
Burr Oak,8/12/2013,3,411258,4377545,3,27.7,0.08
Burr Oak,9/3/2013,1,409226,4377493,0,29.3,8.15
Burr Oak,9/3/2013,1,409226,4377493,1,29.2,8.18
Burr Oak,9/3/2013,1,409226,4377493,2,28.7,7.77
Burr Oak,9/3/2013,1,409226,4377493,3,28.4,2.83
Burr Oak,9/3/2013,1,409226,4377493,4,28,0.3
Burr Oak,9/3/2013,1,409226,4377493,5,26.9,0.05
Burr Oak,9/3/2013,1,409226,4377493,6,24.9,0.04
Burr Oak,9/3/2013,1,409226,4377493,7,23.1,0.04
Burr Oak,9/3/2013,1,409226,4377493,8,21.7,0.04
Burr Oak,9/3/2013,1,409226,4377493,9,21,0.04
Burr Oak,10/21/2013,1,409211,4377495,0,19.7,2.43
Burr Oak,10/21/2013,1,409211,4377495,1,19.8,2.38
Burr Oak,10/21/2013,1,409211,4377495,2,19.8,2.35
Burr Oak,10/21/2013,1,409211,4377495,3,19.8,2.29
Burr Oak,10/21/2013,1,409211,4377495,4,19.8,2.31
Burr Oak,10/21/2013,1,409211,4377495,5,19.8,2.28
Burr Oak,10/21/2013,1,409211,4377495,6,19.7,2.2
Burr Oak,10/21/2013,1,409211,4377495,7,19.7,2.27
Burr Oak,10/21/2013,1,409211,4377495,8,19.7,2.24
Burr Oak,10/21/2013,1,409211,4377495,9,19.7,2.22
Burr Oak,10/21/2013,2,411284,4377701,0,18.6,7.81
Burr Oak,10/21/2013,2,411284,4377701,1,18.5,7.72
Burr Oak,10/21/2013,2,411284,4377701,2,18.2,7.19
Burr Oak,10/21/2013,2,411284,4377701,3,18.1,6.63
Burr Oak,10/22/2013,1,409218,4377501,0,17.5,6.5
Burr Oak,10/22/2013,1,409218,4377501,1,17.7,6.1
Burr Oak,10/22/2013,1,409218,4377501,2,17.6,5
Burr Oak,10/22/2013,1,409218,4377501,3,17.5,4.8
Burr Oak,10/22/2013,1,409218,4377501,4,17.5,4.8
Burr Oak,10/22/2013,1,409218,4377501,5,17.5,4.6
Burr Oak,10/22/2013,1,409218,4377501,6,17.5,4.6
Burr Oak,10/22/2013,1,409218,4377501,7,17.4,3.6
Burr Oak,10/22/2013,1,409218,4377501,8,17.3,3.5
Burr Oak,10/22/2013,2,411204,4377270,0,17.8,8.76
Burr Oak,10/22/2013,2,411204,4377270,1,17.9,8.44
Burr Oak,10/22/2013,2,411204,4377270,2,17.7,8.55
Burr Oak,10/22/2013,2,411204,4377270,3,17.5,8.12
Burr Oak,6/16/2014,1 dam,409216,4377471,0,28.8,7.61
Burr Oak,6/16/2014,1 dam,409216,4377471,1,28.5,7.74
Burr Oak,6/16/2014,1 dam,409216,4377471,2,28,7.61
Burr Oak,6/16/2014,1 dam,409216,4377471,3,27.1,7.36
Burr Oak,6/16/2014,1 dam,409216,4377471,4,24,3.61
Burr Oak,6/16/2014,1 dam,409216,4377471,5,21.4,0.82
Burr Oak,6/16/2014,1 dam,409216,4377471,6,19.4,0.16
Burr Oak,6/16/2014,1 dam,409216,4377471,7,18.1,0.04
Burr Oak,6/16/2014,1 dam,409216,4377471,8,17.4,0.05
Burr Oak,7/16/2014,1dam,409221,4377485,0,30.6,6.49
Burr Oak,7/16/2014,1dam,409221,4377485,1,30.7,7.51
Burr Oak,7/16/2014,1dam,409221,4377485,2,30.5,7.52
Burr Oak,7/16/2014,1dam,409221,4377485,3,30.4,7.31
Burr Oak,7/16/2014,1dam,409221,4377485,4,29.4,3.88
Burr Oak,7/16/2014,1dam,409221,4377485,5,25.5,0.18
Burr Oak,7/16/2014,1dam,409221,4377485,6,22.6,0.06
Burr Oak,7/16/2014,1dam,409221,4377485,7,21,0.05
Burr Oak,7/16/2014,1dam,409221,4377485,8,20,0.05
Burr Oak,7/16/2014,1dam,409221,4377485,9,19,0.05
Burr Oak,8/7/2014,9,409200,4377488,5,21.03995833,
Burr Oak,8/7/2014,9,409200,4377488,7,14.151375,
Burr Oak,8/7/2014,WQ,409208,4377466,0,27,11.25
Burr Oak,8/7/2014,WQ,409208,4377466,1,26.4,11.27
Burr Oak,8/7/2014,WQ,409208,4377466,2,25.8,11.22
Burr Oak,8/7/2014,WQ,409208,4377466,3,25.5,9.44
Burr Oak,8/7/2014,WQ,409208,4377466,4,24.2,2.65
Burr Oak,8/7/2014,WQ,409208,4377466,5,21.5,0.38
Burr Oak,8/7/2014,WQ,409208,4377466,6,17.2,0.09
Burr Oak,8/7/2014,WQ,409208,4377466,7,14.6,0.08
Burr Oak,8/7/2014,WQ,409208,4377466,8,13.3,0.09
Burr Oak,8/24/2014,1 DAM,409199,4377485,0,28.9,8.74
Burr Oak,8/24/2014,1 DAM,409199,4377485,1,28.9,8.85
Burr Oak,8/24/2014,1 DAM,409199,4377485,2,28.7,8.52
Burr Oak,8/24/2014,1 DAM,409199,4377485,3,27.9,6.75
Burr Oak,8/24/2014,1 DAM,409199,4377485,4,27.1,2.54
Burr Oak,8/24/2014,1 DAM,409199,4377485,5,25.6,0.06
Burr Oak,8/24/2014,1 DAM,409199,4377485,6,22.2,0.04
Burr Oak,8/24/2014,1 DAM,409199,4377485,7,19,0.03
Burr Oak,8/24/2014,1 DAM,409199,4377485,8,17.7,0.03
Burr Oak,8/24/2014,1 DAM,409199,4377485,9,16.3,0.03
Burr Oak,9/12/2014,1 dam,409210,4377474,0,24.9,6.6
Burr Oak,9/12/2014,1 dam,409210,4377474,1,24.9,6.72
Burr Oak,9/12/2014,1 dam,409210,4377474,2,24.9,6.6
Burr Oak,9/12/2014,1 dam,409210,4377474,3,24.9,6.68
Burr Oak,9/12/2014,1 dam,409210,4377474,4,24.9,6.7
Burr Oak,9/12/2014,1 dam,409210,4377474,5,23,0.04
Burr Oak,9/12/2014,1 dam,409210,4377474,6,19.6,0.03
Burr Oak,9/12/2014,1 dam,409210,4377474,7,16.7,0.01
Burr Oak,9/12/2014,2 upper,411207,4377423,0,24.6,6.2
Burr Oak,9/12/2014,2 upper,411207,4377423,1,24.7,6.17
Burr Oak,9/12/2014,2 upper,411207,4377423,2,24.7,6.18
Burr Oak,9/12/2014,2 upper,411207,4377423,3,24.7,6.2
Burr Oak,10/20/2014,1 dam,409233,4377498,0,16.1,2.97
Burr Oak,10/20/2014,1 dam,409233,4377498,1,16.1,2.9
Burr Oak,10/20/2014,1 dam,409233,4377498,2,16.1,2.88
Burr Oak,10/20/2014,1 dam,409233,4377498,3,16.1,2.89
Burr Oak,10/20/2014,1 dam,409233,4377498,4,16.1,2.9
Burr Oak,10/20/2014,1 dam,409233,4377498,5,16.1,2.86
Burr Oak,10/20/2014,1 dam,409233,4377498,6,16.1,2.86
Burr Oak,10/20/2014,1 dam,409233,4377498,7,16.1,2.81
Burr Oak,10/20/2014,1 dam,409233,4377498,8,16.1,2.74
Burr Oak,10/20/2014,2 upper,411155,4377245,0,15.9,8.32
Burr Oak,10/20/2014,2 upper,411155,4377245,1,15.8,8.29
Burr Oak,10/20/2014,2 upper,411155,4377245,2,15.6,7.88
Burr Oak,10/20/2014,2 upper,411155,4377245,3,15.4,7.85
Burr Oak,10/22/2014,1 dam,409241,4377503,0,15.4,7.1
Burr Oak,10/22/2014,1 dam,409241,4377503,1,15.5,7.1
Burr Oak,10/22/2014,1 dam,409241,4377503,2,15.5,7.1
Burr Oak,10/22/2014,1 dam,409241,4377503,3,15.6,7.1
Burr Oak,10/22/2014,1 dam,409241,4377503,4,15.6,7
Burr Oak,10/22/2014,1 dam,409241,4377503,5,15.6,6.9
Burr Oak,10/22/2014,1 dam,409241,4377503,6,15.6,6.9
Burr Oak,10/22/2014,1 dam,409241,4377503,7,15.6,6.8
Burr Oak,10/22/2014,1 dam,409241,4377503,8,15.5,6.7
Burr Oak,10/22/2014,2 upper,411236,4377457,0,14.2,7.3
Burr Oak,10/22/2014,2 upper,411236,4377457,1,14.3,7.3
Burr Oak,10/22/2014,2 upper,411236,4377457,2,14.4,7
Burr Oak,10/22/2014,2 upper,411236,4377457,3,14.4,7
Burr Oak,8/6/2015,77,409171,4377567,0,27.5,9.78
Burr Oak,8/6/2015,77,409171,4377567,1,27.1,9.88
Burr Oak,8/6/2015,77,409171,4377567,2,27.1,10.23
Burr Oak,8/6/2015,77,409171,4377567,3,27,10.22
Burr Oak,8/6/2015,77,409171,4377567,4,24.5,3.24
Burr Oak,8/6/2015,77,409171,4377567,5,22.1,0.43
Burr Oak,8/6/2015,77,409171,4377567,6,18.5,0.15
Burr Oak,8/6/2015,77,409171,4377567,7,16.1,0.15
Burr Oak,8/6/2015,77,409171,4377567,8,14.5,0.2
Burr Oak,8/6/2015,74,409245,4377453,0,27,10.55
Burr Oak,8/6/2015,74,409245,4377453,1,27.1,10.43
Burr Oak,8/6/2015,74,409245,4377453,2,27.1,9.9
Burr Oak,8/6/2015,74,409245,4377453,3,27,9.16
Burr Oak,8/6/2015,74,409245,4377453,4,24.6,3.52
Burr Oak,8/6/2015,74,409245,4377453,5,22.1,0.35
Burr Oak,8/6/2015,74,409245,4377453,6,18.6,0.16
Burr Oak,8/6/2015,74,409245,4377453,7,16.5,0.15
Burr Oak,8/6/2015,74,409245,4377453,8,14.2,0.14
Burr Oak,8/6/2015,73,409301,4377240,0,27.1,10.36
Burr Oak,8/6/2015,73,409301,4377240,1,27.1,10.38
Burr Oak,8/6/2015,73,409301,4377240,2,27.1,10.39
Burr Oak,8/6/2015,73,409301,4377240,3,27.1,9.98
Burr Oak,8/6/2015,73,409301,4377240,4,24.7,3.25
Burr Oak,8/6/2015,73,409301,4377240,5,22.3,0.36
Burr Oak,8/6/2015,73,409301,4377240,6,18.7,0.17
Burr Oak,8/6/2015,73,409301,4377240,7,16.4,0.13
Burr Oak,8/6/2015,73,409301,4377240,8,14.3,0.14
Burr Oak,8/6/2015,73,409301,4377240,9,13.2,0.12
Burr Oak,8/6/2015,75,409393,4377430,0,27.1,10.15
Burr Oak,8/6/2015,75,409393,4377430,1,27.1,10.06
Burr Oak,8/6/2015,75,409393,4377430,2,27.1,10.17
Burr Oak,8/6/2015,75,409393,4377430,3,27,9.07
Burr Oak,8/6/2015,75,409393,4377430,4,24.7,3.59
Burr Oak,8/6/2015,75,409393,4377430,5,22.3,0.37
Burr Oak,8/6/2015,75,409393,4377430,6,18.3,0.19
Burr Oak,8/6/2015,75,409393,4377430,7,16,0.17
Burr Oak,8/6/2015,75,409393,4377430,8,14.1,0.17
Burr Oak,8/6/2015,71,409274,4377081,0,27.1,10.59
Burr Oak,8/6/2015,71,409274,4377081,1,27.1,10.52
Burr Oak,8/6/2015,71,409274,4377081,2,27.1,10.51
Burr Oak,8/6/2015,71,409274,4377081,3,27.1,10.43
Burr Oak,8/6/2015,71,409274,4377081,4,24.8,3.17
Burr Oak,8/6/2015,71,409274,4377081,5,22.4,0.29
Burr Oak,8/6/2015,71,409274,4377081,6,18.7,0.13
Burr Oak,8/6/2015,70,409189,4376945,0,27.1,10.19
Burr Oak,8/6/2015,70,409189,4376945,1,27.1,10.07
Burr Oak,8/6/2015,70,409189,4376945,2,27.1,10.24
Burr Oak,8/6/2015,70,409189,4376945,3,27.1,10.32
Burr Oak,8/6/2015,70,409189,4376945,4,24.7,3.42
Burr Oak,8/6/2015,70,409189,4376945,5,22,0.46
Burr Oak,8/6/2015,70,409189,4376945,6,19,0.18
Burr Oak,8/6/2015,70,409189,4376945,7,16.5,0.29
Burr Oak,8/6/2015,69,409133,4376810,0,27,10.86
Burr Oak,8/6/2015,69,409133,4376810,1,27.1,10.03
Burr Oak,8/6/2015,69,409133,4376810,2,27,10.06
Burr Oak,8/6/2015,69,409133,4376810,3,27.1,10.19
Burr Oak,8/6/2015,69,409133,4376810,4,24.9,3.24
Burr Oak,8/6/2015,69,409133,4376810,5,22.1,0.55
Burr Oak,8/6/2015,69,409133,4376810,6,19.2,0.18
Burr Oak,8/6/2015,69,409133,4376810,7,15.6,0.12
Burr Oak,8/6/2015,68,409177,4376686,0,27.1,10.09
Burr Oak,8/6/2015,68,409177,4376686,1,27.1,9.67
Burr Oak,8/6/2015,68,409177,4376686,2,27.2,9.77
Burr Oak,8/6/2015,68,409177,4376686,3,27.1,10.03
Burr Oak,8/6/2015,68,409177,4376686,4,24.5,2.67
Burr Oak,8/6/2015,68,409177,4376686,5,21.5,0.49
Burr Oak,8/6/2015,68,409177,4376686,6,19.1,0.2
Burr Oak,8/6/2015,68,409177,4376686,7,16.8,0.14
Burr Oak,8/6/2015,66,409280,4376663,0,27.1,10.34
Burr Oak,8/6/2015,66,409280,4376663,1,27.1,10.43
Burr Oak,8/6/2015,66,409280,4376663,2,27.1,10.81
Burr Oak,8/6/2015,66,409280,4376663,3,27.1,9.26
Burr Oak,8/6/2015,66,409280,4376663,4,24.7,2.49
Burr Oak,8/6/2015,66,409280,4376663,5,22.1,0.56
Burr Oak,8/6/2015,66,409280,4376663,6,19,0.19
Burr Oak,8/6/2015,66,409280,4376663,7,16.5,0.12
Burr Oak,8/6/2015,63,409590,4376655,0,27.2,10.75
Burr Oak,8/6/2015,63,409590,4376655,1,27.3,10.76
Burr Oak,8/6/2015,63,409590,4376655,2,27.3,10.52
Burr Oak,8/6/2015,63,409590,4376655,3,27,9.04
Burr Oak,8/6/2015,63,409590,4376655,4,24.8,3.51
Burr Oak,8/6/2015,63,409590,4376655,5,22,0.55
Burr Oak,8/6/2015,63,409590,4376655,6,19.3,0.19
Burr Oak,8/6/2015,63,409590,4376655,7,16.5,0.16
Burr Oak,8/6/2015,62,409474,4376361,0,27.2,11.35
Burr Oak,8/6/2015,62,409474,4376361,1,27.2,11.18
Burr Oak,8/6/2015,62,409474,4376361,2,27.2,10.9
Burr Oak,8/6/2015,62,409474,4376361,3,27.2,10.73
Burr Oak,8/6/2015,62,409474,4376361,4,24.9,3.11
Burr Oak,8/6/2015,62,409474,4376361,5,22.3,0.33
Burr Oak,8/6/2015,62,409474,4376361,6,19.3,0.17
Burr Oak,8/6/2015,62,409474,4376361,7,16.7,0.14
Burr Oak,8/6/2015,59,409483,4376299,0,27.1,10.68
Burr Oak,8/6/2015,59,409483,4376299,1,27.2,10.87
Burr Oak,8/6/2015,59,409483,4376299,2,27.2,10.66
Burr Oak,8/6/2015,59,409483,4376299,3,27.1,9.61
Burr Oak,8/6/2015,59,409483,4376299,4,24.7,2.43
Burr Oak,8/6/2015,59,409483,4376299,5,22.8,0.38
Burr Oak,8/6/2015,59,409483,4376299,6,19.5,0.17
Burr Oak,8/6/2015,59,409483,4376299,7,17.1,0.14
Burr Oak,8/6/2015,55,409428,4376097,0,27.1,11.05
Burr Oak,8/6/2015,55,409428,4376097,1,27.2,11.04
Burr Oak,8/6/2015,55,409428,4376097,2,27.2,10.92
Burr Oak,8/6/2015,55,409428,4376097,3,27.2,10.33
Burr Oak,8/6/2015,55,409428,4376097,4,24.9,2.91
Burr Oak,8/6/2015,55,409428,4376097,5,22.4,0.3
Burr Oak,8/6/2015,55,409428,4376097,6,19.1,0.16
Burr Oak,8/6/2015,56,409505,4375962,0,27.3,11.42
Burr Oak,8/6/2015,56,409505,4375962,1,27.3,11.42
Burr Oak,8/6/2015,56,409505,4375962,2,27.3,11.25
Burr Oak,8/6/2015,56,409505,4375962,3,27.3,10.69
Burr Oak,8/6/2015,56,409505,4375962,4,24.5,2.16
Burr Oak,8/6/2015,56,409505,4375962,5,22,0.68
Burr Oak,8/6/2015,56,409505,4375962,6,19.8,0.58
Burr Oak,8/6/2015,53,409461,4375867,0,27.2,10.75
Burr Oak,8/6/2015,53,409461,4375867,1,27.3,11.08
Burr Oak,8/6/2015,53,409461,4375867,2,27.3,11.09
Burr Oak,8/6/2015,53,409461,4375867,3,27.2,10.24
Burr Oak,8/6/2015,53,409461,4375867,4,24.9,2.51
Burr Oak,8/6/2015,53,409461,4375867,5,22.2,0.27
Burr Oak,8/6/2015,53,409461,4375867,6,19.3,0.15
Burr Oak,8/6/2015,53,409461,4375867,7,15.7,0.14
Burr Oak,8/6/2015,53,409461,4375867,8,15,0.12
Burr Oak,8/6/2015,53,409461,4375867,9,13.6,0.1
Burr Oak,8/6/2015,54,409678,4375766,0,27.3,11.5
Burr Oak,8/6/2015,54,409678,4375766,1,27.2,11.15
Burr Oak,8/6/2015,54,409678,4375766,2,27.3,11.3
Burr Oak,8/6/2015,54,409678,4375766,3,27.3,10.76
Burr Oak,8/6/2015,54,409678,4375766,4,24.4,1.27
Burr Oak,8/6/2015,54,409678,4375766,5,22.2,0.85
Burr Oak,8/6/2015,54,409678,4375766,6,19.2,0.18
Burr Oak,8/6/2015,47,409827,4375513,0,27.2,11.15
Burr Oak,8/6/2015,47,409827,4375513,1,27.2,11.14
Burr Oak,8/6/2015,47,409827,4375513,2,27.2,11.31
Burr Oak,8/6/2015,47,409827,4375513,3,27,9.08
Burr Oak,8/6/2015,47,409827,4375513,4,24.8,1.7
Burr Oak,8/6/2015,47,409827,4375513,5,22.3,0.31
Burr Oak,8/6/2015,47,409827,4375513,6,18.9,0.16
Burr Oak,8/6/2015,47,409827,4375513,7,17.1,0.12
Burr Oak,8/6/2015,48,409897,4375531,0,27.1,11.41
Burr Oak,8/6/2015,48,409897,4375531,1,27.2,11.54
Burr Oak,8/6/2015,48,409897,4375531,2,27.2,11.4
Burr Oak,8/6/2015,48,409897,4375531,3,27.4,10.87
Burr Oak,8/6/2015,48,409897,4375531,4,24.5,1.4
Burr Oak,8/6/2015,48,409897,4375531,5,22.1,0.3
Burr Oak,8/6/2015,48,409897,4375531,6,19.2,0.17
Burr Oak,8/6/2015,48,409897,4375531,7,15.5,0.15
Burr Oak,8/6/2015,49,410097,4375530,0,27.1,11.07
Burr Oak,8/6/2015,49,410097,4375530,1,27.2,11.42
Burr Oak,8/6/2015,49,410097,4375530,2,27.2,11.32
Burr Oak,8/6/2015,49,410097,4375530,3,27,8.19
Burr Oak,8/6/2015,49,410097,4375530,4,24.7,0.8
Burr Oak,8/6/2015,49,410097,4375530,5,22.4,0.34
Burr Oak,8/6/2015,49,410097,4375530,6,19.3,0.18
Burr Oak,8/6/2015,44,410034,4375652,0,27.1,11.3
Burr Oak,8/6/2015,44,410034,4375652,1,27.1,11.43
Burr Oak,8/6/2015,44,410034,4375652,2,27.2,11.43
Burr Oak,8/6/2015,44,410034,4375652,3,27.1,11.26
Burr Oak,8/6/2015,44,410034,4375652,4,24.6,0.83
Burr Oak,8/6/2015,44,410034,4375652,5,22.3,0.22
Burr Oak,8/6/2015,45,410339,4375638,0,27.2,11.84
Burr Oak,8/6/2015,45,410339,4375638,1,27.2,11.37
Burr Oak,8/6/2015,45,410339,4375638,2,27.2,11.45
Burr Oak,8/6/2015,45,410339,4375638,3,26.6,7.39
Burr Oak,8/6/2015,45,410339,4375638,4,24.8,0.7
Burr Oak,8/6/2015,45,410339,4375638,5,22.3,0.19
Burr Oak,8/6/2015,39,410373,4375836,0,27.2,11.22
Burr Oak,8/6/2015,39,410373,4375836,1,27.2,11.43
Burr Oak,8/6/2015,39,410373,4375836,2,27.2,10.89
Burr Oak,8/6/2015,39,410373,4375836,3,26.5,5.7
Burr Oak,8/6/2015,39,410373,4375836,4,24.7,0.94
Burr Oak,8/6/2015,39,410373,4375836,5,21.9,0.19
Burr Oak,8/6/2015,33,410309,4375970,0,27.2,11.28
Burr Oak,8/6/2015,33,410309,4375970,1,27.2,11.41
Burr Oak,8/6/2015,33,410309,4375970,2,27.2,11.13
Burr Oak,8/6/2015,33,410309,4375970,3,26.6,6.54
Burr Oak,8/6/2015,33,410309,4375970,4,24.5,0.68
Burr Oak,8/6/2015,33,410309,4375970,5,21.9,0.92
Burr Oak,8/6/2015,33,410309,4375970,6,18.1,0.14
Burr Oak,8/6/2015,28,410292,4376282,0,27.2,10.79
Burr Oak,8/6/2015,28,410292,4376282,1,27.2,11.07
Burr Oak,8/6/2015,28,410292,4376282,2,27.2,11.26
Burr Oak,8/6/2015,28,410292,4376282,3,26.3,5.53
Burr Oak,8/6/2015,28,410292,4376282,4,24.4,0.35
Burr Oak,8/6/2015,28,410292,4376282,5,22.3,0.18
Burr Oak,8/6/2015,28,410292,4376282,6,19.5,0.13
Burr Oak,8/6/2015,28,410292,4376282,7,17.2,0.13
Burr Oak,8/6/2015,25,410209,4376413,0,27.3,11.36
Burr Oak,8/6/2015,25,410209,4376413,1,27.2,11.45
Burr Oak,8/6/2015,25,410209,4376413,2,27.2,11.48
Burr Oak,8/6/2015,25,410209,4376413,3,26.6,8.07
Burr Oak,8/6/2015,25,410209,4376413,4,24.2,0.35
Burr Oak,8/6/2015,34,411583,4376061,0,27.1,11.15
Burr Oak,8/6/2015,34,411583,4376061,1,27.1,11.26
Burr Oak,8/6/2015,34,411583,4376061,2,27.2,11.33
Burr Oak,8/6/2015,34,411583,4376061,3,27.1,11.31
Burr Oak,8/6/2015,34,411583,4376061,4,24.2,0.34
Burr Oak,8/6/2015,34,411583,4376061,5,22.1,0.28
Burr Oak,8/6/2015,35,410684,4376106,0,27.1,11.5
Burr Oak,8/6/2015,35,410684,4376106,1,27.1,11.58
Burr Oak,8/6/2015,35,410684,4376106,2,27.1,11.22
Burr Oak,8/6/2015,35,410684,4376106,3,27.1,9.47
Burr Oak,8/6/2015,35,410684,4376106,4,24.7,0.29
Burr Oak,8/6/2015,20,410792,4376330,0,27.1,10.91
Burr Oak,8/6/2015,20,410792,4376330,1,27.1,11.25
Burr Oak,8/6/2015,20,410792,4376330,2,27.1,11.37
Burr Oak,8/6/2015,20,410792,4376330,3,27.1,10.29
Burr Oak,8/6/2015,20,410792,4376330,4,24.1,0.49
Burr Oak,8/6/2015,15,410904,4376572,0,27.1,10.8
Burr Oak,8/6/2015,15,410904,4376572,1,27.1,10.81
Burr Oak,8/6/2015,15,410904,4376572,2,27.1,10.59
Burr Oak,8/6/2015,15,410904,4376572,3,26.9,6.5
Burr Oak,8/6/2015,21,410992,4376432,0,27,11.18
Burr Oak,8/6/2015,21,410992,4376432,1,27,11.2
Burr Oak,8/6/2015,21,410992,4376432,2,27,7.31
Burr Oak,8/6/2015,21,410992,4376432,3,26.7,6.73
Burr Oak,8/6/2015,21,410992,4376432,4,24.4,0.2
Burr Oak,8/6/2015,16,411137,4376640,0,27,10.88
Burr Oak,8/6/2015,16,411137,4376640,1,27.1,10.91
Burr Oak,8/6/2015,16,411137,4376640,2,27.1,10.86
Burr Oak,8/6/2015,16,411137,4376640,3,26.5,3.15
Burr Oak,8/6/2015,17,411385,4376577,0,27,10.14
Burr Oak,8/6/2015,17,411385,4376577,1,27.1,10.09
Burr Oak,8/6/2015,17,411385,4376577,2,27.1,10.07
Burr Oak,8/6/2015,17,411385,4376577,3,26.2,2.83
Burr Oak,8/6/2015,17,411385,4376577,4,24.2,0.2
Burr Oak,8/6/2015,18,411150,4376612,0,27,10.22
Burr Oak,8/6/2015,18,411150,4376612,1,27.1,10.27
Burr Oak,8/6/2015,18,411150,4376612,2,27.1,10.12
Burr Oak,8/6/2015,18,411150,4376612,3,26.1,1.17
Burr Oak,8/6/2015,18,411150,4376612,4,24.9,0.17
Burr Oak,8/6/2015,12,411535,4376804,0,27.1,9.93
Burr Oak,8/6/2015,12,411535,4376804,1,27.1,10
Burr Oak,8/6/2015,12,411535,4376804,2,27.1,10.1
Burr Oak,8/6/2015,12,411535,4376804,3,25,0.65
Burr Oak,8/6/2015,9,411533,4377016,0,27.1,9.81
Burr Oak,8/6/2015,9,411533,4377016,1,27.1,9.73
Burr Oak,8/6/2015,9,411533,4377016,2,27.1,9.7
Burr Oak,8/6/2015,9,411533,4377016,3,26,0.59
Burr Oak,8/6/2015,8,411303,4377085,0,27,9.99
Burr Oak,8/6/2015,8,411303,4377085,1,27.1,9.81
Burr Oak,8/6/2015,8,411303,4377085,2,27.1,9.8
Burr Oak,8/6/2015,8,411303,4377085,3,26.1,0.55
Burr Oak,8/6/2015,7,411203,4377104,0,27,9.1
Burr Oak,8/6/2015,7,411203,4377104,1,27.1,8.99
Burr Oak,8/6/2015,7,411203,4377104,2,27.1,9.01
Burr Oak,8/6/2015,7,411203,4377104,3,26.2,0.4
Burr Oak,8/6/2015,5,411142,4377192,0,27,8.66
Burr Oak,8/6/2015,5,411142,4377192,1,27.1,8.87
Burr Oak,8/6/2015,5,411142,4377192,2,27.1,8.83
Burr Oak,8/6/2015,5,411142,4377192,3,26.2,0.2
Burr Oak,8/6/2015,3,411180,4377353,0,27,8.53
Burr Oak,8/6/2015,3,411180,4377353,1,27.1,8.65
Burr Oak,8/6/2015,3,411180,4377353,2,27.1,8.61
Burr Oak,8/6/2015,3,411180,4377353,3,26.3,0.5
Burr Oak,8/6/2015,1,411230,4377619,0,27.1,7.41
Burr Oak,8/6/2015,1,411230,4377619,1,27.1,7.42
Burr Oak,8/6/2015,1,411230,4377619,2,27.1,7.14
Burr Oak,8/4/2016,WQ,409204,4377499,0,31.3,10.55
Burr Oak,8/4/2016,WQ,409204,4377499,1,31,11.13
Burr Oak,8/4/2016,WQ,409204,4377499,2,30.4,11.4
Burr Oak,8/4/2016,WQ,409204,4377499,3,27.8,9.89
Burr Oak,8/4/2016,WQ,409204,4377499,4,25.2,2.79
Burr Oak,8/4/2016,WQ,409204,4377499,5,21.4,0.08
Burr Oak,8/4/2016,WQ,409204,4377499,6,16.8,0.06
Burr Oak,8/4/2016,WQ,409204,4377499,7,14.4,0.06
Burr Oak,8/4/2016,WQ,409204,4377499,8,13.1,0.06
Burr Oak,8/4/2016,,409317,4377313,0,30.8,11.15
Burr Oak,8/4/2016,,409317,4377313,1,30.5,11.2
Burr Oak,8/4/2016,,409317,4377313,2,30,11.35
Burr Oak,8/4/2016,,409317,4377313,3,27.9,10.99
Burr Oak,8/4/2016,,409317,4377313,4,25.2,2.14
Burr Oak,8/4/2016,,409317,4377313,5,20.9,0.07
Burr Oak,8/4/2016,,409317,4377313,6,17,0.06
Burr Oak,8/4/2016,,409317,4377313,7,14.6,0.06
Burr Oak,8/4/2016,,409317,4377313,8,13.1,0.05
